linha,altimetria_media_m,amplitude_altimetrica_m
LT 69 kV ITARARE II / ITARARE I C 1 SP,0.0,0.0
LT 88 kV ASSIS / CANOAS I C 1 SP,0.0,0.0
LT 88 kV ASSIS / DECASA C 1 SP,0.0,0.0
LT 88 kV BOTUCATU / CERQUILHO C 1 SP,215.55887095898188,646.041015625
LT 88 kV BOTUCATU / CERQUILHO C 2 SP,215.6419175274931,646.041015625
LT 88 kV BOTUCATU / IPAUSSU C 1 SP,617.2311476412918,958.1199951171875
LT 88 kV CANOAS I / SALTO GRANDE SP C 1 SP,0.0,0.0
LT 88 kV CANOAS II / DECASA C 1 SP,0.0,0.0
LT 88 kV CANOAS II / SALTO GRANDE C 1 SP,0.0,0.0
LT 88 kV CERQUILHO / ITAPETININGA2 C 1 SP,429.9974797144548,781.0490112304688
LT 88 kV CHAVANTES / BOTUCATU C 1 SP,553.1193517256268,958.1199951171875
LT 88 kV CHAVANTES / IPAUSSU C 1 SP,0.8491878941967133,645.3350219726562
LT 88 kV CHAVANTES / SALTO GRANDE C 1 SP,0.0,0.0
LT 88 kV ITAPETINGA 2 / ITAPETININGA1 C 1 SP,100.25514246071609,764.4660034179688
LT 88 kV JAGUARI / S.JOSE CAMPOS C 1 SP,0.0,0.0
LT 88 kV JAGUARI / S.JOSE CAMPOS C 2 SP,0.0,0.0
LT 88 kV MAIRIPORA / JAGUARI C 1 SP,583.1051015363468,1423.8399658203125
LT 88 kV MAIRIPORA / JAGUARI C 2 SP,583.2013881681677,1423.8399658203125
LT 88 kV OURINHOS / CHAVANTES C 1 SP,0.0,0.0
LT 88 kV PAR.PAULISTA2 / ASSIS C 1 SP,0.0,0.0
LT 88 kV PAR.PAULISTA2 / ASSIS C 2 SP,0.0,0.0
LT 88 kV PRE. PRUDENTE / PAR.PAULISTA2 C 1 SP,270.48025446777945,609.7360229492188
LT 88 kV PRE. PRUDENTE / PRE.PRUDENTE1 C 1 SP,0.0,0.0
LT 88 kV PRE. PRUDENTE / PRE.PRUDENTE1 C 2 SP,0.0,0.0
LT 88 kV PRE. PRUDENTE / QUATA II C 1 SP,247.66373047916875,609.7360229492188
LT 88 kV QUATA II / PAR.PAULISTA2 C 1 SP,0.0,0.0
LT 88 kV SALTO GRANDE / OURINHOS C 1 SP,0.0,0.0
RL 88 kV ASSIS I / DS31 C 1 SP,0.0,0.0
RL 88 kV ASSIS I / DS32 C 2 SP,0.0,0.0
RL 88 kV OURINHOS 1 / DOA1 C 1 SP,0.0,0.0
RL 88 kV OURINHOS 1 / DOA2 C 2 SP,0.0,0.0
RL 88 kV OURINHOS 2 / DOU1 C 1 SP,0.0,0.0
RL 88 kV OURINHOS 2 / RLOU2 C 2 SP,0.0,0.0
RL 88 kV PALMITAL / DPMT C 1 SP,0.0,0.0
RL 88 kV SANTA LINA / DSAL C 1 SP,0.0,0.0
LT 138 kV AGUA AZUL / MAIRIPORA C 1 SP,465.89861057189313,1423.8399658203125
LT 138 kV AGUA AZUL / MAIRIPORA C 2 SP,466.0963263265365,1423.8399658203125
LT 138 kV AGUA AZUL / SANTO ANGELO C 1 SP,0.0,0.0
LT 138 kV AGUA AZUL / SANTO ANGELO C 2 SP,0.0,0.0
LT 138 kV AGUA VERMELHA / COL BOA HORA C 1 SP,0.0,0.0
LT 138 kV AGUA VERMELHA / COL BOA HORA C 2 SP,0.0,0.0
LT 138 kV AGUA VERMELHA / GUARIROBA 1 C 1 SP,0.0,0.0
LT 138 kV ALCIDIA / MIRANTE PAR 2 C 1 SP,324.81302305911896,481.9960021972656
LT 138 kV ALTA PAULISTA / PRE. PRUDENTE C 1 SP,0.0,0.0
LT 138 kV ALTA PAULISTA / PRE. PRUDENTE C 2 SP,0.0,0.0
LT 138 kV ARARAQUARA CTP / SAO CARLOS C 1 SP,205.65653350683314,929.7360229492188
LT 138 kV ARARAQUARA CTP / SAO CARLOS C 2 SP,205.6002399091585,929.7360229492188
LT 138 kV ARARAS / BALDIN C 1 SP,0.0,0.0
LT 138 kV ARARAS / P.FERREIRA C 1 SP,0.0,0.0
LT 138 kV ARARAS / RIO CLARO-I C 1 SP,0.0,0.0
LT 138 kV ARARAS / RIO CLARO-I C 2 SP,0.0,0.0
LT 138 kV ARARAS / SAO CARLOS C 1 SP,691.005303460034,992.4559936523438
LT 138 kV ARARAS / SAO CARLOS C 2 SP,691.0190297297969,992.4559936523438
LT 138 kV ATIBAIA II / BRA. PAULISTA C 1 SP,137.11462832062088,1248.97998046875
LT 138 kV ATIBAIA II / BRA. PAULISTA C 2 SP,137.01604720006986,1248.97998046875
LT 138 kV ATIBAIA II / MAIRIPORA C 1 SP,82.35256582302532,1273.489990234375
LT 138 kV ATIBAIA II / MAIRIPORA C 2 SP,82.3449066600899,1273.489990234375
LT 138 kV B. SANTISTA / VIC. CARVALHO C 1 SP,261.22601314558244,1158.8800048828125
LT 138 kV B. SANTISTA / VIC. CARVALHO C 2 SP,261.16003168199853,1158.8800048828125
LT 138 kV BAGUACU / N.AVANHANDAVA C 1 SP,0.0,0.0
LT 138 kV BAGUACU / N.AVANHANDAVA C 2 SP,0.0,0.0
LT 138 kV BALDIN / P.FERREIRA C 1 SP,0.0,0.0
LT 138 kV BARIRI / BAURU C 1 SP,0.0,0.0
LT 138 kV BARIRI / BAURU C 2 SP,0.0,0.0
LT 138 kV BARIRI / IBITINGA C 1 SP,0.0,0.0
LT 138 kV BARIRI / IBITINGA C 2 SP,0.0,0.0
LT 138 kV BERTIOGA II / SAO SEBASTIAO C 1 SP,0.0,0.0
LT 138 kV BERTIOGA II / SAO SEBASTIAO C 2 SP,0.0,0.0
LT 138 kV BERTIOGA II / VIC. CARVALHO C 1 SP,0.0,0.0
LT 138 kV BERTIOGA II / VIC. CARVALHO C 2 SP,0.0,0.0
LT 138 kV BERTIOGA II / VIC. CARVALHO C 3 SP,0.0,0.0
LT 138 kV BERTIOGA II / VIC. CARVALHO C 4 SP,0.0,0.0
LT 138 kV BIOPAV / N.AVANHANDAVA C 1 SP,0.0,0.0
LT 138 kV BIOPAV / PROMISSAO C 1 SP,0.0,0.0
LT 138 kV BOM JARDIM / BRA. PAULISTA C 1 SP,31.40289391090294,1248.97998046875
LT 138 kV BOM JARDIM / BRA. PAULISTA C 2 SP,31.314405800118188,1248.97998046875
LT 138 kV BORBOREMA / IBITINGA C 1 SP,0.0,0.0
LT 138 kV BOTUCATU / TIETE C 1 SP,216.28942819504556,654.0499877929688
LT 138 kV BOTUCATU / TIETE C 2 SP,216.14319489409638,654.0499877929688
LT 138 kV BRANCO PERES / FLOR.PAULISTA C 1 SP,12.722024563204432,404.1549987792969
LT 138 kV BRANCO PERES / VALPARAISO C 1 SP,232.48104651090512,483.2850036621094
LT 138 kV CABREUVA / MAIRIPORA C 1 SP,8.130563280978075,1034.6500244140625
LT 138 kV CABREUVA / TERMOVERDE C 1 SP,0.0,0.0
LT 138 kV CACONDE / E.CUNHA C 1 SP,0.0,0.0
LT 138 kV CACONDE / E.CUNHA C 2 SP,0.0,0.0
LT 138 kV CAPAO BONITO / ITAPEVA C 1 SP,0.0,0.0
LT 138 kV CAPAO BONITO / ITAPEVA C 2 SP,0.0,0.0
LT 138 kV CAPIVARA / COCAL 2 C 1 SP,0.0,0.0
LT 138 kV CARAGUATATUBA / UBATUBA 1 C 1 SP,0.0018895641416990976,8.57765007019043
LT 138 kV CARAGUATATUBA / UBATUBA 1 C 2 SP,0.0019590577959613014,8.57765007019043
LT 138 kV CASTILHO 03 / TRES IRMAOS C 1 SP,0.0,0.0
LT 138 kV CASTILHO 03 / TRES IRMAOS C 2 SP,0.0,0.0
LT 138 kV CASTILHO 03 / TRES LAGOAS C 1 SP/MS,0.0,0.0
LT 138 kV CASTILHO 03 / TRES LAGOAS C 2 SP/MS,0.0,0.0
LT 138 kV CATANDUVA / BORBOREMA C 1 SP,0.0,0.0
LT 138 kV CATANDUVA / IBITINGA C 1 SP,0.0,0.0
LT 138 kV CERQUILHO III / ITAPETININGA2 C 1 SP,473.98742311214596,781.0490112304688
LT 138 kV CERQUILHO III / ITAPETININGA2 C 2 SP,474.071735672888,781.0490112304688
LT 138 kV DRACENA / FLOR.PAULISTA C 1 SP,0.0,0.0
LT 138 kV E.CUNHA / LIMOEIRO C 1 SP,0.0,0.0
LT 138 kV E.CUNHA / LIMOEIRO C 2 SP,0.0,0.0
LT 138 kV E.CUNHA / MOCOCA 4 C 1 SP,0.0,0.0
LT 138 kV E.CUNHA / MOCOCA 5 C 1 SP,0.0,0.0
LT 138 kV E.CUNHA / S.J.B.VISTAII C 1 SP,0.0,0.0
LT 138 kV E.CUNHA / SAO JOAO C 1 SP,0.0,0.0
LT 138 kV ELDORADO ELK / ILHA SOLTEIRA C 1 MS/SP,0.0,0.0
LT 138 kV ELDORADO ELK / ILHA SOLTEIRA C 2 MS/SP,0.0,0.0
LT 138 kV ELDORADO ELK / TRES LAGOAS C 1 MS,0.0,0.0
LT 138 kV ELDORADO ELK / V.CEL.PAPEL C 1 MS,0.0,0.0
LT 138 kV EMBU-GUACU / MONGAGUA C 1 SP,0.0,0.0
LT 138 kV EMBU-GUACU / MONGAGUA C 2 SP,0.0,0.0
LT 138 kV FERRARI / LIMOEIRO C 1 SP,0.0,0.0
LT 138 kV FERRARI / P.FERREIRA C 1 SP,0.0,0.0
LT 138 kV FLOR.PAULISTA / ALTA PAULISTA C 1 SP,0.0,0.0
LT 138 kV FLOR.PAULISTA / ALTA PAULISTA C 2 SP,0.0,0.0
LT 138 kV FLOR.PAULISTA / RIO VERMELHO C 1 SP,0.0,0.0
LT 138 kV FLOR.PAULISTA / TUPA C 1 SP,291.3541128541813,550.3060302734375
LT 138 kV FLOR.PAULISTA / TUPA C 2 SP,291.36997570513824,550.3060302734375
LT 138 kV FLOR.PAULISTA / UNIVALEM C 1 SP,109.97823084492255,460.7439880371094
LT 138 kV GUARA. TANABI / S.J.RIO PRETO C 1 SP,208.70313026002216,599.0889892578125
LT 138 kV GUARIROBA 1 / VOTUPORANGA 2 C 1 SP,0.0,0.0
LT 138 kV ILHA SOLTEIRA / INTERLAGOS ELK C 1 SP,0.0,0.0
LT 138 kV ILHA SOLTEIRA / TRES IRMAOS C 1 SP,0.0,0.0
LT 138 kV ILHA SOLTEIRA / TRES IRMAOS C 2 SP,0.0,0.0
LT 138 kV ILHA SOLTEIRA / VALE DO PARANA C 1 SP,79.40852862974167,445.1449890136719
LT 138 kV ITAPETININGA2 / CAPAO BONITO C 1 SP,20.329718979965694,738.8590087890625
LT 138 kV ITAPETININGA2 / CAPAO BONITO C 2 SP,20.310836444858246,738.8590087890625
LT 138 kV ITAPEVA / ITARARE II C 1 SP,0.0,0.0
LT 138 kV ITAPEVA / ITARARE II C 2 SP,0.0,0.0
LT 138 kV JALES / COL BOA HORA C 1 SP,0.0,0.0
LT 138 kV JALES / COL BOA HORA C 2 SP,0.0,0.0
LT 138 kV JALES / VALE DO PARANA C 1 SP,328.95508892114105,550.9039916992188
LT 138 kV JALES / VOTUPORANGA 2 C 1 SP,0.0,0.0
LT 138 kV JALES / VOTUPORANGA 2 C 2 SP,0.0,0.0
LT 138 kV JURUMIRIM / CAPAO BONITO C 1 SP,0.0,0.0
LT 138 kV JURUMIRIM / CAPAO BONITO C 2 SP,0.0,0.0
LT 138 kV LIMEIRA I / MOGI MIRIM 3 C 1 SP,0.0,0.0
LT 138 kV LIMEIRA I / MOGI MIRIM 3 C 2 SP,0.0,0.0
LT 138 kV LIMOEIRO / SAO LUIZ C 1 SP,0.0,0.0
LT 138 kV MIRANTE PAR 2 / DRACENA C 1 SP,0.0,0.0
LT 138 kV MIRANTE PAR 2 / DRACENA C 2 SP,0.0,0.0
LT 138 kV MIRANTE PAR 2 / PRE. PRUDENTE C 1 SP,0.0,0.0
LT 138 kV MIRANTE PAR 2 / PRE. PRUDENTE C 2 SP,0.0,0.0
LT 138 kV MIRANTE PAR 2 / TAQUARUCU C 1 SP,0.0,0.0
LT 138 kV MIRANTE PAR 2 / TAQUARUCU C 2 SP,0.0,0.0
LT 138 kV MOCOCA 5 / ITAIPAVA C 1 SP,0.0,0.0
LT 138 kV MOGI GUACU I / MOGI MIRIM II C 1 SP,0.0,0.0
LT 138 kV MOGI GUACU I / MOGI MIRIM II C 2 SP,0.0,0.0
LT 138 kV MOGI GUACU I / S.J.B.VISTAII C 1 SP,0.0,0.0
LT 138 kV MOGI GUACU I / S.J.B.VISTAII C 2 SP,0.0,0.0
LT 138 kV MOGI MIRIM 3 / JAGUARIUNA C 1 SP,0.0,0.0
LT 138 kV MOGI MIRIM 3 / JAGUARIUNA C 2 SP,0.0,0.0
LT 138 kV MOGI MIRIM 3 / MOGI GUACU I C 1 SP,0.0,0.0
LT 138 kV MOGI MIRIM 3 / MOGI GUACU I C 2 SP,0.0,0.0
LT 138 kV MOGI MIRIM 3 / MOGI MIRIM II C 1 SP,0.0,0.0
LT 138 kV MOGI MIRIM 3 / MOGI MIRIM II C 2 SP,0.0,0.0
LT 138 kV MOGI MIRIM 3 / S.J.B.VISTAII C 1 SP,0.0,0.0
LT 138 kV MOGI MIRIM 3 / S.J.B.VISTAII C 2 SP,0.0,0.0
LT 138 kV MOGI MIRIM II / BRA. PAULISTA C 1 SP,24.40403443476775,1248.97998046875
LT 138 kV MOGI MIRIM II / BRA. PAULISTA C 2 SP,24.426656431498206,1248.97998046875
LT 138 kV MONGAGUA / PERUIBE C 1 SP,,
LT 138 kV MONGAGUA / PERUIBE C 2 SP,,
LT 138 kV N.AVANHANDAVA / PROMISSAO C 1 SP,0.0,0.0
LT 138 kV N.AVANHANDAVA / S.J.RIO PRETO C 1 SP,106.2853720035751,597.64501953125
LT 138 kV N.AVANHANDAVA / S.J.RIO PRETO C 2 SP,106.26480968937784,597.64501953125
LT 138 kV PARAIBUNA / CARAGUATATUBA C 1 SP,0.0,0.0
LT 138 kV PARAIBUNA / CARAGUATATUBA C 2 SP,0.0,0.0
LT 138 kV PARAIBUNA / TAUBATE C 1 SP,0.0,0.0
LT 138 kV PARAIBUNA / TAUBATE C 2 SP,0.0,0.0
LT 138 kV PEDRANOPOLIS 01 / AGUA VERMELHA C 1 SP,0.0,0.0
LT 138 kV PEDRANOPOLIS 01 / VOTUPORANGA 2 C 1 SP,0.0,0.0
LT 138 kV PERUIBE / REGISTRO C 1 SP,,
LT 138 kV PERUIBE / REGISTRO C 2 SP,,
LT 138 kV PIONEIROS 2 / INTERLAGOS ELK C 1 SP,58.649348531592764,419.093994140625
LT 138 kV PIONEIROS 2 / JALES C 1 SP,357.8871005563803,550.9039916992188
LT 138 kV PORTO PRIMAVERA / IVINHEMA C 1 SP,0.0,0.0
LT 138 kV PRE. PRUDENTE / CAPIVARA C 1 SP,0.0,0.0
LT 138 kV PRE. PRUDENTE / COCAL 2 C 1 SP,0.0,0.0
LT 138 kV PROMISSAO / CATANDUVA C 1 SP,258.3499816728014,608.572021484375
LT 138 kV PROMISSAO / UT.CERRADINHO C 1 SP,166.62644230270976,520.2919921875
LT 138 kV REGISTRO / CAPAO BONITO C 1 SP,92.88257038690251,989.885009765625
LT 138 kV REGISTRO / CAPAO BONITO C 2 SP,92.95220975951604,989.885009765625
LT 138 kV RIBEIRAOPRETO / P.FERREIRA C 1 SP,0.0,0.0
LT 138 kV RIBEIRAOPRETO / P.FERREIRA C 2 SP,0.0,0.0
LT 138 kV RIO CLARO-I / LIMEIRA I C 1 SP,0.0,0.0
LT 138 kV RIO CLARO-I / LIMEIRA I C 2 SP,0.0,0.0
LT 138 kV RIO PARDO / SAO SEBASTIAO C 1 SP,0.0,0.0
LT 138 kV RIO PARDO / SAO SEBASTIAO C 2 SP,0.0,0.0
LT 138 kV RIO VERMELHO / DRACENA C 1 SP,0.0,0.0
LT 138 kV ROSANA / ALCIDIA C 1 SP,50.40276358835806,480.8110046386719
LT 138 kV ROSANA / MIRANTE PAR 2 C 1 SP,202.18049748213332,481.9960021972656
LT 138 kV S.J.B.VISTAII / POCOS CALDAS C 1 SP/MG,0.0,0.0
LT 138 kV S.J.B.VISTAII / POCOS CALDAS C 2 SP/MG,0.0,0.0
LT 138 kV S.J.B.VISTAII / SAO JOAO C 1 SP,0.0,0.0
LT 138 kV S.J.RIO PRETO / CATANDUVA C 1 SP,0.0,0.0
LT 138 kV S.J.RIO PRETO / CATANDUVA C 2 SP,0.0,0.0
LT 138 kV SANTA BARBARA / LIMEIRA I C 1 SP,0.0,0.0
LT 138 kV SANTA BARBARA / LIMEIRA I C 2 SP,0.0,0.0
LT 138 kV SANTA BARBARA / MOGI MIRIM II C 1 SP,0.0,0.0
LT 138 kV SANTA BARBARA / MOGI MIRIM II C 2 SP,0.0,0.0
LT 138 kV SANTO ANGELO / BERTIOGA II C 1 SP,0.0,0.0
LT 138 kV SANTO ANGELO / BERTIOGA II C 2 SP,0.0,0.0
LT 138 kV SANTO ANGELO / RIO PARDO C 1 SP,0.0,0.0
LT 138 kV SANTO ANGELO / RIO PARDO C 2 SP,0.0,0.0
LT 138 kV SAO CARLOS / P.FERREIRA C 1 SP,717.418746188097,1035.300048828125
LT 138 kV SAO CARLOS / P.FERREIRA C 2 SP,717.3036782731498,1035.300048828125
LT 138 kV SAO CARLOS / RIO CLARO-I C 1 SP,0.0,0.0
LT 138 kV SAO CARLOS / RIO CLARO-I C 2 SP,0.0,0.0
LT 138 kV SAO LUIZ / P.FERREIRA C 1 SP,0.0,0.0
LT 138 kV SAO SEBASTIAO / CARAGUATATUBA C 1 SP,0.0,0.0
LT 138 kV SAO SEBASTIAO / CARAGUATATUBA C 2 SP,0.0,0.0
LT 138 kV SE.PPRIMAVERA / ROSANA C 1 SP,0.0,0.0
LT 138 kV SE.PPRIMAVERA / ROSANA C 2 SP,0.0,0.0
LT 138 kV TERMOVERDE / MAIRIPORA C 1 SP,16.254832446152438,1034.6500244140625
LT 138 kV TIETE / CERQUILHO III C 1 SP,0.0,0.0
LT 138 kV TIETE / CERQUILHO III C 2 SP,0.0,0.0
LT 138 kV TRES IRMAOS / DA MATA C 1 SP,63.285658561967495,476.43499755859375
LT 138 kV TRES IRMAOS / VALPARAISO C 1 SP,97.89678620345032,483.2850036621094
LT 138 kV TRES LAGOAS / V.CEL.PAPEL C 1 MS,0.0,0.0
LT 138 kV UH BARRA BONITA / BARIRI C 1 SP,0.0,0.0
LT 138 kV UH BARRA BONITA / BARIRI C 2 SP,0.0,0.0
LT 138 kV UH BARRA BONITA / BOTUCATU C 1 SP,0.0,0.0
LT 138 kV UH BARRA BONITA / BOTUCATU C 2 SP,0.0,0.0
LT 138 kV UH BARRA BONITA / RIO CLARO-I C 1 SP,308.61677878291914,1077.7099609375
LT 138 kV UH BARRA BONITA / RIO CLARO-I C 2 SP,308.66223859682907,1077.7099609375
LT 138 kV UNIVALEM / VALPARAISO C 1 SP,348.94086505013286,483.2850036621094
LT 138 kV UT.CERRADINHO / CATANDUVA C 1 SP,0.0,0.0
LT 138 kV VALPARAISO / BAGUACU C 1 SP,0.0,0.0
LT 138 kV VALPARAISO / BAGUACU C 2 SP,0.0,0.0
LT 138 kV VALPARAISO / DA MATA C 1 SP,375.60916559001146,483.2850036621094
LT 138 kV VOTUPORANGA 2 / GUARA. TANABI C 1 SP,32.22710116062927,540.385009765625
LT 138 kV VOTUPORANGA 2 / S.J.RIO PRETO C 2 SP,146.36339840749199,599.0889892578125
RL 138 kV CARDOSO / DCA1 C 1 SP,0.0,0.0
RL 138 kV CARDOSO / DCA2 C 2 SP,0.0,0.0
RL 138 kV CASA BRANCA / DKC3 C 1 SP,0.0,0.0
RL 138 kV CASA BRANCA / DKC4 C 2 SP,0.0,0.0
RL 138 kV DESCALVADO / DDS1 C 1 SP,0.0,0.0
RL 138 kV DESCALVADO / DDS2 C 2 SP,0.0,0.0
RL 138 kV JAGUARIUNA / DJG1 C 1 SP,0.0,0.0
RL 138 kV JAGUARIUNA / DJG2 C 2 SP,0.0,0.0
RL 138 kV JUPIA / DJU1 C 1 SP,0.0,0.0
RL 138 kV JUPIA / DJU2 C 2 SP,0.0,0.0
RL 138 kV MOCOCA / DMC3 C 2 SP,0.0,0.0
RL 138 kV MOCOCA / DMCC C 1 SP,0.0,0.0
RL 138 kV PENAPOLIS / DPE4 C 1 SP,0.0,0.0
RL 138 kV PENAPOLIS / DPE5 C 2 SP,0.0,0.0
RL 138 kV PINHAL / DPH1 C 1 SP,0.0,0.0
RL 138 kV PINHAL / DPH2 C 2 SP,0.0,0.0
RL 138 kV PRE.PRUDENTE4 / DP41 C 1 SP,0.0,0.0
RL 138 kV PRE.PRUDENTE4 / DP42 C 2 SP,0.0,0.0
RL 138 kV SAO CARLOS / DSAC C 1 SP,331.0546619435345,939.4149780273438
RL 138 kV UBARANA / DUB1 C 1 SP,0.0,0.0
RL 138 kV UBARANA / DUB2 C 2 SP,0.0,0.0
RL 138 kV VW SAO CARLOS / DVW1 C 1 SP,0.0,0.0
RL 138 kV VW SAO CARLOS / DVW2 C 2 SP,0.0,0.0
LT 230 kV ANDIRA LESTE / ASSIS C 1 PR/SP,0.0,0.0
LT 230 kV ANDIRA LESTE / SALTO GRANDE C 1 PR/SP,0.0,0.0
LT 230 kV ANHANGUERA / CENTRO-CTT C 1 SP,0.0,0.0
LT 230 kV ANHANGUERA / CENTRO-CTT C 2 SP,0.0,0.0
LT 230 kV ANHANGUERA / EDGARD SOUZA C 1 SP,0.0,0.0
LT 230 kV ANHANGUERA / EDGARD SOUZA C 2 SP,0.0,0.0
LT 230 kV APARECIDA / GV DO BRASIL C 1 SP,0.0,0.0
LT 230 kV APARECIDA / LORENA C 1 SP,2.943150297667148,786.9459838867188
LT 230 kV APARECIDA / LORENA C 2 SP,2.940618062531361,780.9340209960938
LT 230 kV APARECIDA / TAUBATE C 1 SP,0.0,0.0
LT 230 kV AVARE NOVA / BOTUCATU C 1 SP,0.0,0.0
LT 230 kV B. SANTISTA / CARBOCLORO C 1 SP,291.99911681504625,961.364990234375
LT 230 kV B. SANTISTA / PBR CUBATAO C 1 SP,272.71560219617413,961.364990234375
LT 230 kV BOTUCATU / CAPAO BONITO C 1 SP,0.0,0.0
LT 230 kV BOTUCATU / CERQUILHO III C 1 SP,198.45534433789484,687.2479858398438
LT 230 kV CABREUVA / CIA.BRAS.ALUM C 1 SP,0.0,0.0
LT 230 kV CABREUVA / CIA.BRAS.ALUM C 2 SP,0.0,0.0
LT 230 kV CABREUVA / EDGARD SOUZA C 2 SP,0.0,0.0
LT 230 kV CABREUVA / EDGARD SOUZA C 3 SP,0.0,0.0
LT 230 kV CABREUVA / EDGARD SOUZA C 4 SP,0.0,0.0
LT 230 kV CABREUVA / EDGARD SOUZA C 5 SP,0.0,0.0
LT 230 kV CARBOCLORO / H.BORDEN SUB C 1 SP,234.4600035824127,961.364990234375
LT 230 kV CENTRO-CTT / CENTRO-CTR C 1 SP,0.0,0.0
LT 230 kV CENTRO-CTT / CENTRO-CTR C 2 SP,0.0,0.0
LT 230 kV CERQUILHO III / TOYOTA C 1 SP,0.0,0.0
LT 230 kV CHAVANTES / BOTUCATU C 3 SP,572.6889869505583,950.9849853515625
LT 230 kV CHAVANTES / PIRAJU C 1 SP,241.75666610991595,824.52099609375
LT 230 kV CHAVANTES / SALTO GRANDE C 1 SP,0.0,0.0
LT 230 kV EDGARD SOUZA / PIRITUBA C 1 SP,0.0,0.0
LT 230 kV EDGARD SOUZA / PIRITUBA C 2 SP,0.0,0.0
LT 230 kV EDGARD SOUZA / TOYOTA C 1 SP,0.0,0.0
LT 230 kV GV DO BRASIL / TAUBATE C 1 SP,0.0,0.0
LT 230 kV H.BORDEN SUB / PBR CUBATAO C 1 SP,225.90698135678056,961.364990234375
LT 230 kV H.BORDEN SUB / PIRATININGA C 1 SP,85.22797109870851,961.364990234375
LT 230 kV ITAPETI / MOGI C 1 SP,0.0,0.0
LT 230 kV ITAPETI / MOGI CRUZES C 3 SP,0.0,0.0
LT 230 kV ITAPETI / S.JOSE CAMPOS C 1 SP,0.0,0.0
LT 230 kV JURUMIRIM / AVARE NOVA C 1 SP,0.0,0.0
LT 230 kV JURUMIRIM / PIRAJU C 1 SP,0.0,0.0
LT 230 kV LORENA / SANTA CABECA C 1 SP,299.3479186591421,1117.550048828125
LT 230 kV LORENA / SANTA CABECA C 2 SP,300.101515296685,1117.550048828125
LT 230 kV MOGI / MOGI CRUZES C 1 SP,0.0,0.0
LT 230 kV PIRATININGA / INTERLAGOS C 1 SP,0.0,0.0
LT 230 kV PIRATININGA / INTERLAGOS C 2 SP,0.0,0.0
LT 230 kV S.JOSE CAMPOS / MOGI CRUZES C 2 SP,0.0,0.0
LT 230 kV S.JOSE CAMPOS / TAUBATE C 1 SP,0.0,0.0
LT 345 kV ANHANGUERA / GUARULHOS C 1 SP,5.47388149172528,896.1749877929688
LT 345 kV ANHANGUERA / GUARULHOS C 2 SP,5.817843646338282,896.1749877929688
LT 345 kV ANHANGUERA / M. FORNASARO C 1 SP,0.0,0.0
LT 345 kV ANHANGUERA / M. FORNASARO C 2 SP,0.0,0.0
LT 345 kV B. SANTISTA / SUL C 1 SP,320.41976364571303,961.364990234375
LT 345 kV B. SANTISTA / TIJUCO PRETO C 1 SP,574.6323128523492,1183.219970703125
LT 345 kV B. SANTISTA / TIJUCO PRETO C 2 SP,574.4956266855777,1183.219970703125
LT 345 kV B. SANTISTA / TIJUCO PRETO C 3 SP,577.0727893369856,1183.219970703125
LT 345 kV BANDEIRANTES / PIRATININGA 2 C 1 SP,0.0,0.0
LT 345 kV BANDEIRANTES / PIRATININGA 2 C 2 SP,0.0,0.0
LT 345 kV EMBU-GUACU / B. SANTISTA C 1 SP,129.05635473070762,961.364990234375
LT 345 kV EMBU-GUACU / SUL C 1 SP,161.2428015036586,961.364990234375
LT 345 kV IBIUNA / INTERLAGOS C 1 SP,0.0,0.0
LT 345 kV IBIUNA / INTERLAGOS C 2 SP,0.0,0.0
LT 345 kV INTERLAGOS / EMBU-GUACU C 1 SP,0.0,0.0
LT 345 kV INTERLAGOS / EMBU-GUACU C 2 SP,0.0,0.0
LT 345 kV INTERLAGOS / XAVANTES C 1 SP,0.0,0.0
LT 345 kV INTERLAGOS / XAVANTES C 2 SP,0.0,0.0
LT 345 kV ITAPETI / MOGI CRUZES C 1 SP,0.0,0.0
LT 345 kV ITAPETI / MOGI CRUZES C 2 SP,0.0,0.0
LT 345 kV ITAPETI / SANTO ANGELO C 1 SP,0.0,0.0
LT 345 kV ITAPETI / SANTO ANGELO C 2 SP,0.0,0.0
LT 345 kV ITAPETI / TIJUCO PRETO C 1 SP,0.0,0.0
LT 345 kV ITAPETI / TIJUCO PRETO C 2 SP,0.0,0.0
LT 345 kV LESTE / RAM REBERT F C 1 SP,418.0010616008218,985.7470092773438
LT 345 kV LESTE / RAM REBERT F C 2 SP,417.9150809431155,985.7470092773438
LT 345 kV LESTE / TIJUCO PRETO C 1 SP,732.0429996046902,1183.219970703125
LT 345 kV LESTE / TIJUCO PRETO C 2 SP,731.7725230245301,1183.219970703125
LT 345 kV LESTE / TIJUCO PRETO C 3 SP,731.789220671601,1183.219970703125
LT 345 kV NORTE / GUARULHOS C 1 SP,79.51871336848937,899.8099975585938
LT 345 kV NORTE / GUARULHOS C 2 SP,78.79311687778434,899.8099975585938
LT 345 kV NORTE / MIGUEL REALE C 1 SP,57.47703699223379,831.8699951171875
LT 345 kV NORTE / MIGUEL REALE C 2 SP,57.47703699223379,831.8699951171875
LT 345 kV XAVANTES / BANDEIRANTES C 1 SP,0.0,0.0
LT 345 kV XAVANTES / BANDEIRANTES C 2 SP,0.0,0.0
LT 345 kV XAVANTES / BANDEIRANTES C 3 SP,0.0,0.0
LT 345 kV XAVANTES / M. FORNASARO C 1 SP,0.0,0.0
LT 345 kV XAVANTES / M. FORNASARO C 2 SP,0.0,0.0
LT 440 kV AGUA AZUL / BOM JARDIM C 1 SP,169.91810848472448,1423.8399658203125
LT 440 kV AGUA AZUL / SANTO ANGELO C 1 SP,0.0,0.0
LT 440 kV AGUA VERMELHA / ARARAQUARA CTP C 1 SP,322.69232019514067,727.1939697265625
LT 440 kV AGUA VERMELHA / RIBEIRAOPRETO C 1 SP,353.41424674641763,851.8460083007812
LT 440 kV ALTA PAULISTA / MARECH.RONDON C 1 SP/MS,0.0,0.0
LT 440 kV ALTA PAULISTA / TAQUARUCU C 1 SP,0.0,0.0
LT 440 kV ARARAQUARA CTP / ARARAS C 1 SP,466.26028835454747,1028.5899658203125
LT 440 kV ARARAQUARA CTP / MIRASSOL II C 1 SP,503.8989145225929,726.1389770507812
LT 440 kV ARARAQUARA CTP / MIRASSOL II C 2 SP,504.17154884376765,726.1389770507812
LT 440 kV ARARAQUARA CTP / MOGI MIRIM 3 C 1 SP,519.2911481613296,1028.5899658203125
LT 440 kV ARARAQUARA CTP / PIRACICABA C 1 SP,464.21989313351406,1025.449951171875
LT 440 kV ARARAS / REPLAN C 1 SP,0.0,0.0
LT 440 kV ASSIS / BAURU C 1 SP,191.4336790446776,666.2030029296875
LT 440 kV BAGUACU / BAURU C 1 SP,192.2305990100907,637.5889892578125
LT 440 kV BAGUACU / BAURU C 2 SP,192.23522750296124,637.5889892578125
LT 440 kV BAGUACU / ILHA SOLTEIRA C 1 SP,241.02971114811928,469.5849914550781
LT 440 kV BAGUACU / ILHA SOLTEIRA C 2 SP,241.0485148812093,469.5849914550781
LT 440 kV BAURU / ARARAQUARA CTP C 1 SP,0.0,0.0
LT 440 kV BAURU / BRACELL C 1 SP,0.0,0.0
LT 440 kV BAURU / CABREUVA C 1 SP,289.42243174105397,1173.27001953125
LT 440 kV BAURU / GETULINA C 1 SP,277.62503935267983,637.5889892578125
LT 440 kV BAURU / GETULINA C 2 SP,278.07922401069914,637.5889892578125
LT 440 kV BAURU / OESTE C 1 SP,184.99633582346056,849.468017578125
LT 440 kV BAURU / SALTO C 1 SP,256.5928699024166,826.6619873046875
LT 440 kV BOM JARDIM / FERNAO DIAS C 1 SP,80.01264514070989,1211.6800537109375
LT 440 kV BRACELL / OESTE C 1 SP,222.6697244200137,850.7680053710938
LT 440 kV CABREUVA / BOM JARDIM C 1 SP,0.0,0.0
LT 440 kV CABREUVA / GERDAU SP C 1 SP,0.0,0.0
LT 440 kV CABREUVA / SALTO C 1 SP,0.0,0.0
LT 440 kV CAPIVARA / ASSIS C 1 SP,282.90468289025426,604.8090209960938
LT 440 kV CBA2 CIA.B.ALUM / EMBU-GUACU C 1 SP,0.0,0.0
LT 440 kV CBA2 CIA.B.ALUM / OESTE C 1 SP,0.0,0.0
LT 440 kV EMBU-GUACU / JANDIRA C 1 SP,0.0,0.0
LT 440 kV EMBU-GUACU / OESTE C 1 SP,0.0,0.0
LT 440 kV EMBU-GUACU / SOLVAY C 1 SP,205.70748238918895,1174.0699462890625
LT 440 kV FERNAO DIAS / TAUBATE C 1 SP,678.3242298732796,1469.8299560546875
LT 440 kV GERDAU SP / JANDIRA C 1 SP,0.0,0.0
LT 440 kV GETULINA / JUPIA C 1 SP,269.9960537205436,572.947998046875
LT 440 kV GETULINA / MARECH.RONDON C 1 SP/MS,269.25591053866253,572.947998046875
LT 440 kV ILHA SOLTEIRA / AGUA VERMELHA C 1 SP,257.6366335509807,501.3739929199219
LT 440 kV ILHA SOLTEIRA / MIRASSOL II C 1 SP,338.2958699120449,611.8309936523438
LT 440 kV ILHA SOLTEIRA / MIRASSOL II C 2 SP,338.3077281488825,611.8309936523438
LT 440 kV ILHA SOLTEIRA / TRES IRMAOS C 1 SP,0.0,0.0
LT 440 kV JUPIA / MARECH.RONDON C 1 SP/MS,0.0,0.0
LT 440 kV JUPIA / MARECH.RONDON C 2 SP/MS,0.0,0.0
LT 440 kV JUPIA / TRES IRMAOS C 1 SP,0.0,0.0
LT 440 kV MOGI MIRIM 3 / SANTO ANGELO C 1 SP,215.85539465615955,1423.8399658203125
LT 440 kV P. PRIMAVERA / TAQUARUCU C 1 SP,196.3239299008379,480.8110046386719
LT 440 kV P. PRIMAVERA / TAQUARUCU C 2 SP,191.45312784379547,476.3630065917969
LT 440 kV PIRACICABA / SANTA BARBARA C 1 SP,0.0,0.0
LT 440 kV REPLAN / SANTO ANGELO C 1 SP,273.04448347164447,1423.8399658203125
LT 440 kV RIBEIRAOPRETO / SANTA BARBARA C 1 SP,0.0,0.0
LT 440 kV SANTA BARBARA / SUMARE C 1 SP,0.0,0.0
LT 440 kV SANTO ANGELO / SOLVAY C 1 SP,0.0,0.0
LT 440 kV SUMARE / BOM JARDIM C 1 SP,0.0,0.0
LT 440 kV TAQUARUCU / CAPIVARA C 1 SP,0.0,0.0
LT 230 kV AIMORES-SE / CONSE. PENA C 1 MG,0.0,0.0
LT 230 kV AIMORES-SE / MASCARENHAS C 1 MG/ES,0.0,0.0
LT 230 kV CAXIAS NORTE / CAXIAS 6 C 1 RS,0.02261024399270322,831.52197265625
LT 230 kV CAXIAS NORTE / MONTE CLARO C 1 RS,0.0,0.0
LT 230 kV CAXIAS NORTE / VINHEDOS C 1 RS,0.0,0.0
LT 230 kV G.VALADARES 6 / CONSE. PENA C 1 MG,223.98154029949293,1107.68994140625
LT 230 kV G.VALADARES 6 / G.VALADARES 2 C 2 MG,171.5448574322112,1107.68994140625
LT 230 kV BIGUACU / RATONES C 1 SC,,
LT 230 kV BIGUACU / RATONES C 2 SC,,
LT 230 kV CHAVANTES / BOTUCATU C 4 SP,573.2961830284833,958.1199951171875
LT 230 kV CURITIBA / JOINV.NORTE C 2 PR/SC,,
LT 230 kV J.LACERDA-B / TUBARAO SUL C 1 SC,,
LT 230 kV NOVA STA RITA / SCHARLAU 2 C 1 RS,0.0,0.0
LT 230 kV NOVA STA RITA / SCHARLAU 2 C 2 RS,0.0,0.0
LT 230 kV SIDEROPOL.ESU / TUBARAO SUL C 1 SC,160.81388150519015,602.4719848632812
LT 230 kV N.P.PRIMAVERA / ROSANA C 1 SP,0.0,0.0
LT 230 kV N.P.PRIMAVERA / ROSANA C 2 SP,0.0,0.0
LT 440 kV ILHA SOLTEIRA / TRES IRMAOS C 2 SP,0.0,0.0
LT 230 kV PARANAVAI NOR / SARANDI C 1 PR,458.47089354079196,682.35498046875
LT 230 kV PARANAVAI NOR / SARANDI C 2 PR,458.47089354079196,682.35498046875
LT 525 kV GUAIRA / F.IGUACU 60HZ C 1 PR,0.0,0.0
LT 525 kV GUAIRA / F.IGUACU 60HZ C 2 PR,0.0,0.0
LT 525 kV GUAIRA / SARANDI C 1 PR,351.38015306160355,682.35498046875
LT 525 kV GUAIRA / SARANDI C 2 PR,351.38015306160355,682.35498046875
LT 525 kV LONDRINA ESU / SARANDI C 1 PR,0.0,0.0
LT 525 kV LONDRINA ESU / SARANDI C 2 PR,0.0,0.0
LT 345 kV INTERLAGOS / PIRATININGA 2 C 3 SP,0.0,0.0
LT 345 kV INTERLAGOS / PIRATININGA 2 C 4 SP,0.0,0.0
LT 345 kV JOAO NEIVA 2 / VIANA 2 C 1 ES,109.85330788660377,944.8330078125
LT 345 kV NOVA PONTE / ARAXA 3 C 1 MG,0.0,0.0
LT 345 kV NOVA PONTE / UBERLANDIA 10 C 1 MG,561.2342878702885,1026.72998046875
LT 500 kV ITABIRA 5 / MESQUITA C 1 MG,0.0,0.0
LT 500 kV ITABIRA 5 / NEVES 1 C 1 MG,196.63593692820604,1294.010009765625
LT 500 kV COLINAS / RIB.GONCALVES C 2 TO/PI,240.52128953587248,515.166015625
LT 500 kV RIB.GONCALVES / S.JOAO PIAUI C L3 PI,334.4999820133204,562.1400146484375
